id,first_name,last_name,email,phone_number,password,status
1,admin1,admin1,test1@test.com,12345678,$2a$10$N4hbG134sn9uR9A.wRkT2usd9.mxi/XMPx6k3aQja1Ouo0T40Dp.a,admin
3,user1,user1,test2@test.com,12345679,$2a$10$r1asYlX1KnMe7Ox8KhNQbe3oZonnJeS5SERUECmXRtERQAUcmK6YO,user
4,user2,user2,test3@test.com,111111111,$2a$10$r1asYlX1KnMe7Ox8KhNQbe3oZonnJeS5SERUECmXRtERQAUcmK6YO,user
5,user3,user3,test4@test.com,111111112,$2a$10$r1asYlX1KnMe7Ox8KhNQbe3oZonnJeS5SERUECmXRtERQAUcmK6YO,user
6,user4,user4,test5@test.com,11111113,$2a$10$hbQJKxlKTYwTt4mrWkFgEu.akhgUozH8dhXaeht9VPMOySU1Tk3TG,user
8,user5,user5,test6@test.com,11111114,$2a$10$.GPisXsmPZMHdUAZNxaem.Y8UtLlC7dlDvjn0.YMJEhfg4jtfX18e,user
9,user6,user6,test7@test.com,11111115,$2a$10$9gfGTLCqrCOXF7LpVEuqpuYxVrxJwOIJ4HdAnyDE4CFyYUqxyzPly,user
10,user7,user7,test8@test.com,11111116,$2a$10$nsDxbjK7FZOsZVjYQNdfEuRF/eq56sqCIdoP6sDEsO4Wv2hGqqvaO,user
11,user8,user8,test9@test.com,11111117,$2a$10$d8duk3FUyMqxBOE.psO4Oe4BNpyDx9Fv5OUiMllDQiimixaawMH3m,user
12,user9,user9,test10@test.com,11111118,$2a$10$phlgdY8Zu5QQHSAaH4s9.eOg9M2F1/VY8/eCdlgIP2xmpfY7/MxVm,user
13,user10,user10,test11@test.com,11111119,$2a$10$JIdBCkdnUzyA1x4hrLNCq.4aABYS0MdBDm3lQACrLr68SLZpsbd8m,user
14,user11,user11,test12@test.com,11111120,$2a$10$hf0NTRfJdotRSh7lmNxJH.Ui/jJrmSYVG9qjJsCBfZV.k.Xmc4d7a,user
15,user12,user12,test13@test.com,11111121,$2a$10$ka7s0Dj8OpCAZ/RZnM95zuVjIcu3GcaiQVPWkKPUnQnja8gd2ZZn2,user
16,user13,user13,test14@test.com,11111122,$2a$10$B5xz3VBpS3Hv5VGWD6t6z.ZlBrVRoE.3n2uziX2wXsriIlIcKoXCW,user
17,user14,user14,test15@test.com,11111123,$2a$10$kAUZjE30o/aVlW2ySlZRme9vwJBBN5u52JxkrM3Cnp89siiVvpDu6,user
18,user15,user15,test16@test.com,11111124,$2a$10$5.LzENNhiF4K1a9R9474AOIhQ2EO87iYSCPnlRPg.UQR2zysv2rKy,user
19,user16,user16,test17@test.com,11111125,$2a$10$cluegFSqfm7t6umx7FNnZuzcl3OQqGEPFw2E.IDN1DkwvO4BU2dAq,user
20,user17,user17,test18@test.com,11111126,$2a$10$4m.djJ8MZZSTWFzJBEAiSuuUFEg1qp1Q.BFCO6dwvCXwakvPsW642,user
21,user18,user18,test19@test.com,11111127,$2a$10$HIo3PKPemdV8M.At8U3ZdO5Hv/mqBT2aW56BK2OBRDy8qsOUFzcn.,user
22,user19,user19,test20@test.com,11111128,$2a$10$353At0pAiEDgujaoptZWE.V279tHo93RbR.JEx7H4DAHFo7vY/R4O,user
23,user20,user20,test21@test.com,11111129,$2a$10$9Z/GLW1T/a2jPlrxsDEkfumMZV0MWxdTwZkAFNyjcNPaHMqk/88xi,user
24,user21,user21,test22@test.com,11111130,$2a$10$04G6xAx3RMgTtkYHpbsHHeHW6ZN31duHQ.0zvTby3Y1njIYkDdH/O,user
25,user22,user22,test23@test.com,11111131,$2a$10$z5M62wZmW5hEwjNgp6Sg8e5iGDcrQsLSZ7BHYw7ERzLUjXEumen.a,user
26,user23,user23,test24@test.com,11111132,$2a$10$3J7e1jOLrHX/qUukV3J2wOU.aVVb16tX.7ZyqHH7ZucgkOgu/5FKK,user
27,user24,user24,test25@test.com,11111133,$2a$10$IL3f7HD5XNDJWjECBxlel.A75EEjpGjSlQLPMsORERAzflZaHm2DG,user
28,user25,user25,test26@test.com,11111134,$2a$10$uS/drXBp9hoO4PhpoP2jI.IgsqUVMsY0VrF3Esu/gDviTWB/Kl57i,user
29,user26,user26,test27@test.com,11111135,$2a$10$eeSNWi/KCGFsch43FA29ge.HVsYe1iObAPZtaerecaSKTD6N4uWs6,user
30,user27,user27,test28@test.com,11111136,$2a$10$bwZFWzPoQ/qIczAqW5puYu2uDyXV6Mqr22ux4rLGtLt33w2AC3E/O,user
31,user28,user28,test29@test.com,11111137,$2a$10$3h5pri0b.uPjdFLx.Xvz7uvvy/gMgP.qmBETWaLQkZWpJJ2zHpsRy,user
32,user29,user29,test30@test.com,11111138,$2a$10$Fe9dt.OQdAUpQ/.QupV0Pev9RHsbFr2yzp5vPq0SLJMjpOp2Du9SS,user
33,user30,user30,test31@test.com,11111139,$2a$10$Y1S1qROPJDsOcUt/IZ0Lte0D2wlGS96OQDJBR7gqE1OKWQh9t0zl6,user
